{
    "mean_mape_perc": 12386102067150.893,
    "std_mape_perc": 12554952708426.832,
    "mean_rmse_perc": 1.8979256072423496,
    "std_rmse_perc": 0.12823401542083265,
    "folds": {
        "mape_perc": [
            0.07996251196785897,
            0.06451062129530119,
            23878270391025.21,
            30450951051444.875,
            7601288893284.227
        ],
        "rmse_perc": [
            1.8560026734356727,
            1.8432443812683843,
            1.9967657891553148,
            2.080791784686642,
            1.7128234076657336
        ]
    }
}