{
    "mean_mape_perc": 3348032902349.7666,
    "std_mape_perc": 6696065804699.445,
    "mean_rmse_perc": 1.2824429769617107,
    "std_rmse_perc": 0.18241479422051068,
    "folds": {
        "mape_perc": [
            0.05906719351181253,
            0.044988113344423396,
            16740164511748.658,
            0.03699108504010499,
            0.032703395885012615
        ],
        "rmse_perc": [
            1.1500434631056238,
            1.025412477534166,
            1.4030252135333035,
            1.543559085973034,
            1.2901746446624258
        ]
    }
}