{
    "mean_mape": 0.20677498803272845,
    "std_mape": 0.21877476909877755,
    "mean_rmse": 629.827050889244,
    "std_rmse": 310.4515387150438,
    "folds": {
        "mape": [
            0.16117941996380153,
            0.6383416160784653,
            0.04844476868677994,
            0.09447988426195333,
            0.09142925117264218
        ],
        "rmse": [
            945.6996398239427,
            1051.9669515795176,
            505.27742262690487,
            334.10130559519354,
            312.08993482066137
        ]
    }
}