{
    "baseline": {
        "mape": 0.9231730350000549,
        "rmse": 3660.385882048892
    },
    "catboost": {
        "mape": 0.06872613677309293,
        "rmse": 326.8734619133529
    }
}