{
    "optuna_best_cv_rmse": 1.2775184205209487,
    "holdout_rmse_perc": 0.9576234005935763,
    "holdout_mape_perc": 0.014973411868199386,
    "best_params": {
        "bootstrap_type": "Bernoulli",
        "iterations": 2899,
        "depth": 7,
        "lr": 0.1290086754090022,
        "l2": 11.113166000205418,
        "subsample": 0.6637487515196121,
        "boosting_type": "Plain",
        "random_strength": 0.00013260320344589828,
        "border_count": 235
    }
}