{
    "baseline": {
        "mape": 0.9145094074791691,
        "rmse": 3723.222250897395
    },
    "catboost": {
        "mape": 0.06377031429017015,
        "rmse": 313.49079517747595
    }
}